-- SQUADRE
INSERT INTO squadra (id, nome, anno_fondazione, citta) VALUES (1, 'Real Roma', 2001, 'Roma');
INSERT INTO squadra (id, nome, anno_fondazione, citta) VALUES (2, 'Atletico Ostia', 1998, 'Roma');
INSERT INTO squadra (id, nome, anno_fondazione, citta) VALUES (3, 'Trastevere FC', 2005, 'Roma');
INSERT INTO squadra (id, nome, anno_fondazione, citta) VALUES (4, 'Lazio Amatori', 2010, 'Roma');
INSERT INTO squadra (id, nome, anno_fondazione, citta) VALUES (5, 'Tevere United', 2007, 'Roma');
INSERT INTO squadra (id, nome, anno_fondazione, citta) VALUES (6, 'Garbatella United', 2012, 'Roma');
INSERT INTO squadra (id, nome, anno_fondazione, citta) VALUES (7, 'Monteverde Calcio', 2009, 'Roma');
INSERT INTO squadra (id, nome, anno_fondazione, citta) VALUES (8, 'Eur Sporting Club', 2015, 'Roma');

-- GIOCATORI
INSERT INTO giocatore (id, nome, cognome, data_nascita, ruolo, altezza, squadra_id) VALUES (1, 'Marco', 'Rossi', '1998-04-10', 'Portiere', 1.87, 1);
INSERT INTO giocatore (id, nome, cognome, data_nascita, ruolo, altezza, squadra_id) VALUES (2, 'Luca', 'Verdi', '1997-09-12', 'Difensore', 1.82, 1);
INSERT INTO giocatore (id, nome, cognome, data_nascita, ruolo, altezza, squadra_id) VALUES (3, 'Andrea', 'Bianchi', '1999-02-18', 'Centrocampista', 1.78, 1);
INSERT INTO giocatore (id, nome, cognome, data_nascita, ruolo, altezza, squadra_id) VALUES (4, 'Matteo', 'Neri', '1998-11-01', 'Attaccante', 1.83, 1);
INSERT INTO giocatore (id, nome, cognome, data_nascita, ruolo, altezza, squadra_id) VALUES (5, 'Gabriele', 'Fontana', '2000-03-22', 'Difensore', 1.80, 1);
INSERT INTO giocatore (id, nome, cognome, data_nascita, ruolo, altezza, squadra_id) VALUES (6, 'Daniele', 'Marchetti', '1996-06-15', 'Centrocampista', 1.76, 1);

INSERT INTO giocatore (id, nome, cognome, data_nascita, ruolo, altezza, squadra_id) VALUES (7, 'Paolo', 'Ricci', '1996-01-14', 'Portiere', 1.89, 2);
INSERT INTO giocatore (id, nome, cognome, data_nascita, ruolo, altezza, squadra_id) VALUES (8, 'Simone', 'Galli', '1998-03-21', 'Difensore', 1.81, 2);
INSERT INTO giocatore (id, nome, cognome, data_nascita, ruolo, altezza, squadra_id) VALUES (9, 'Davide', 'Costa', '1999-07-19', 'Centrocampista', 1.75, 2);
INSERT INTO giocatore (id, nome, cognome, data_nascita, ruolo, altezza, squadra_id) VALUES (10, 'Stefano', 'Greco', '1997-12-30', 'Attaccante', 1.84, 2);
INSERT INTO giocatore (id, nome, cognome, data_nascita, ruolo, altezza, squadra_id) VALUES (11, 'Mirko', 'Ruggieri', '2000-09-05', 'Difensore', 1.79, 2);
INSERT INTO giocatore (id, nome, cognome, data_nascita, ruolo, altezza, squadra_id) VALUES (12, 'Alberto', 'Pellegrini', '1995-10-18', 'Centrocampista', 1.77, 2);

INSERT INTO giocatore (id, nome, cognome, data_nascita, ruolo, altezza, squadra_id) VALUES (13, 'Fabio', 'Marini', '1998-06-01', 'Portiere', 1.86, 3);
INSERT INTO giocatore (id, nome, cognome, data_nascita, ruolo, altezza, squadra_id) VALUES (14, 'Giorgio', 'Rinaldi', '1997-05-11', 'Difensore', 1.80, 3);
INSERT INTO giocatore (id, nome, cognome, data_nascita, ruolo, altezza, squadra_id) VALUES (15, 'Leonardo', 'Ferri', '1999-09-22', 'Centrocampista', 1.79, 3);
INSERT INTO giocatore (id, nome, cognome, data_nascita, ruolo, altezza, squadra_id) VALUES (16, 'Emanuele', 'Romano', '1996-08-14', 'Attaccante', 1.82, 3);
INSERT INTO giocatore (id, nome, cognome, data_nascita, ruolo, altezza, squadra_id) VALUES (17, 'Claudio', 'Mancini', '2001-01-09', 'Difensore', 1.85, 3);
INSERT INTO giocatore (id, nome, cognome, data_nascita, ruolo, altezza, squadra_id) VALUES (18, 'Enrico', 'Barbieri', '1997-02-28', 'Centrocampista', 1.74, 3);

INSERT INTO giocatore (id, nome, cognome, data_nascita, ruolo, altezza, squadra_id) VALUES (19, 'Antonio', 'Moretti', '1998-04-17', 'Portiere', 1.88, 4);
INSERT INTO giocatore (id, nome, cognome, data_nascita, ruolo, altezza, squadra_id) VALUES (20, 'Nicola', 'Esposito', '1999-01-29', 'Difensore', 1.84, 4);
INSERT INTO giocatore (id, nome, cognome, data_nascita, ruolo, altezza, squadra_id) VALUES (21, 'Cristian', 'Serra', '1998-12-01', 'Centrocampista', 1.76, 4);
INSERT INTO giocatore (id, nome, cognome, data_nascita, ruolo, altezza, squadra_id) VALUES (22, 'Daniele', 'Villa', '1997-03-08', 'Attaccante', 1.85, 4);
INSERT INTO giocatore (id, nome, cognome, data_nascita, ruolo, altezza, squadra_id) VALUES (23, 'Lorenzo', 'De Santis', '2000-11-11', 'Difensore', 1.82, 4);
INSERT INTO giocatore (id, nome, cognome, data_nascita, ruolo, altezza, squadra_id) VALUES (24, 'Michele', 'Ferrara', '1996-07-07', 'Centrocampista', 1.78, 4);

INSERT INTO giocatore (id, nome, cognome, data_nascita, ruolo, altezza, squadra_id) VALUES (25, 'Federico', 'Conti', '1998-05-16', 'Portiere', 1.90, 5);
INSERT INTO giocatore (id, nome, cognome, data_nascita, ruolo, altezza, squadra_id) VALUES (26, 'Riccardo', 'De Luca', '1997-10-10', 'Difensore', 1.81, 5);
INSERT INTO giocatore (id, nome, cognome, data_nascita, ruolo, altezza, squadra_id) VALUES (27, 'Alessio', 'Bellini', '1999-04-07', 'Centrocampista', 1.77, 5);
INSERT INTO giocatore (id, nome, cognome, data_nascita, ruolo, altezza, squadra_id) VALUES (28, 'Tommaso', 'Parisi', '1996-09-15', 'Attaccante', 1.84, 5);
INSERT INTO giocatore (id, nome, cognome, data_nascita, ruolo, altezza, squadra_id) VALUES (29, 'Samuele', 'Fiore', '2000-02-13', 'Difensore', 1.83, 5);
INSERT INTO giocatore (id, nome, cognome, data_nascita, ruolo, altezza, squadra_id) VALUES (30, 'Giulio', 'Martini', '1995-12-19', 'Centrocampista', 1.75, 5);

INSERT INTO giocatore (id, nome, cognome, data_nascita, ruolo, altezza, squadra_id) VALUES (31, 'Pietro', 'Leone', '1998-08-03', 'Portiere', 1.86, 6);
INSERT INTO giocatore (id, nome, cognome, data_nascita, ruolo, altezza, squadra_id) VALUES (32, 'Valerio', 'Testa', '1999-06-23', 'Difensore', 1.80, 6);
INSERT INTO giocatore (id, nome, cognome, data_nascita, ruolo, altezza, squadra_id) VALUES (33, 'Manuel', 'Longo', '1997-04-04', 'Centrocampista', 1.78, 6);
INSERT INTO giocatore (id, nome, cognome, data_nascita, ruolo, altezza, squadra_id) VALUES (34, 'Dario', 'Sanna', '1996-01-30', 'Attaccante', 1.85, 6);
INSERT INTO giocatore (id, nome, cognome, data_nascita, ruolo, altezza, squadra_id) VALUES (35, 'Giacomo', 'Fabbri', '2000-05-21', 'Difensore', 1.82, 6);
INSERT INTO giocatore (id, nome, cognome, data_nascita, ruolo, altezza, squadra_id) VALUES (36, 'Ivan', 'Lombardi', '1998-03-17', 'Centrocampista', 1.76, 6);

INSERT INTO giocatore (id, nome, cognome, data_nascita, ruolo, altezza, squadra_id) VALUES (37, 'Roberto', 'Palumbo', '1997-09-09', 'Portiere', 1.88, 7);
INSERT INTO giocatore (id, nome, cognome, data_nascita, ruolo, altezza, squadra_id) VALUES (38, 'Massimo', 'Caruso', '1996-12-02', 'Difensore', 1.83, 7);
INSERT INTO giocatore (id, nome, cognome, data_nascita, ruolo, altezza, squadra_id) VALUES (39, 'Flavio', 'Orlando', '1999-10-20', 'Centrocampista', 1.77, 7);
INSERT INTO giocatore (id, nome, cognome, data_nascita, ruolo, altezza, squadra_id) VALUES (40, 'Sergio', 'Lombardo', '1998-07-24', 'Attaccante', 1.86, 7);
INSERT INTO giocatore (id, nome, cognome, data_nascita, ruolo, altezza, squadra_id) VALUES (41, 'Nicolas', 'Martelli', '2001-03-12', 'Difensore', 1.81, 7);
INSERT INTO giocatore (id, nome, cognome, data_nascita, ruolo, altezza, squadra_id) VALUES (42, 'Edoardo', 'Gentile', '1997-11-06', 'Centrocampista', 1.79, 7);

INSERT INTO giocatore (id, nome, cognome, data_nascita, ruolo, altezza, squadra_id) VALUES (43, 'Alessandro', 'Rizzi', '1998-02-25', 'Portiere', 1.89, 8);
INSERT INTO giocatore (id, nome, cognome, data_nascita, ruolo, altezza, squadra_id) VALUES (44, 'Mauro', 'Giordano', '1999-08-08', 'Difensore', 1.82, 8);
INSERT INTO giocatore (id, nome, cognome, data_nascita, ruolo, altezza, squadra_id) VALUES (45, 'Kevin', 'Mazza', '1997-05-03', 'Centrocampista', 1.76, 8);
INSERT INTO giocatore (id, nome, cognome, data_nascita, ruolo, altezza, squadra_id) VALUES (46, 'Dennis', 'Colombo', '1996-06-26', 'Attaccante', 1.84, 8);
INSERT INTO giocatore (id, nome, cognome, data_nascita, ruolo, altezza, squadra_id) VALUES (47, 'Mattia', 'Grassi', '2000-01-16', 'Difensore', 1.80, 8);
INSERT INTO giocatore (id, nome, cognome, data_nascita, ruolo, altezza, squadra_id) VALUES (48, 'Filippo', 'Landi', '1998-09-27', 'Centrocampista', 1.78, 8);

-- TORNEI
INSERT INTO torneo (id, nome, anno, descrizione) VALUES (1, 'Torneo Estate Roma', 2026, 'Torneo amatoriale estivo tra squadre della città di Roma.');
INSERT INTO torneo (id, nome, anno, descrizione) VALUES (2, 'Coppa Amatoriale Lazio', 2026, 'Competizione amatoriale regionale con fase a gironi e finale.');

-- RELAZIONE MANY TO MANY TORNEO-SQUADRE
INSERT INTO torneo_squadre (tornei_id, squadre_id) VALUES (1, 1);
INSERT INTO torneo_squadre (tornei_id, squadre_id) VALUES (1, 2);
INSERT INTO torneo_squadre (tornei_id, squadre_id) VALUES (1, 3);
INSERT INTO torneo_squadre (tornei_id, squadre_id) VALUES (1, 4);
INSERT INTO torneo_squadre (tornei_id, squadre_id) VALUES (2, 5);
INSERT INTO torneo_squadre (tornei_id, squadre_id) VALUES (2, 6);
INSERT INTO torneo_squadre (tornei_id, squadre_id) VALUES (2, 7);
INSERT INTO torneo_squadre (tornei_id, squadre_id) VALUES (2, 8);

-- ARBITRI
INSERT INTO arbitro (id, nome, cognome, codice_arbitrale) VALUES (1, 'Roberto', 'Mancini', 'ARB001');
INSERT INTO arbitro (id, nome, cognome, codice_arbitrale) VALUES (2, 'Carlo', 'Ferretti', 'ARB002');
INSERT INTO arbitro (id, nome, cognome, codice_arbitrale) VALUES (3, 'Luigi', 'Santoro', 'ARB003');
INSERT INTO arbitro (id, nome, cognome, codice_arbitrale) VALUES (4, 'Franco', 'Marchetti', 'ARB004');
INSERT INTO arbitro (id, nome, cognome, codice_arbitrale) VALUES (5, 'Sandro', 'Vitale', 'ARB005');

-- PARTITE
INSERT INTO partita (id, data_ora, luogo, goals_home, goals_away, stato, torneo_id, squadra_casa_id, squadra_trasferta_id, arbitro_id) VALUES (1, '2026-07-10 18:00:00', 'Campo Trastevere', 2, 1, 'PLAYED', 1, 1, 2, 1);
INSERT INTO partita (id, data_ora, luogo, goals_home, goals_away, stato, torneo_id, squadra_casa_id, squadra_trasferta_id, arbitro_id) VALUES (2, '2026-07-10 20:00:00', 'Campo Ostia', 0, 0, 'PLAYED', 1, 3, 4, 2);
INSERT INTO partita (id, data_ora, luogo, goals_home, goals_away, stato, torneo_id, squadra_casa_id, squadra_trasferta_id, arbitro_id) VALUES (3, '2026-07-12 18:00:00', 'Campo Roma Nord', 3, 2, 'PLAYED', 1, 1, 3, 3);
INSERT INTO partita (id, data_ora, luogo, goals_home, goals_away, stato, torneo_id, squadra_casa_id, squadra_trasferta_id, arbitro_id) VALUES (4, '2026-07-12 20:00:00', 'Campo Eur', 1, 4, 'PLAYED', 1, 2, 4, 4);
INSERT INTO partita (id, data_ora, luogo, goals_home, goals_away, stato, torneo_id, squadra_casa_id, squadra_trasferta_id, arbitro_id) VALUES (5, '2026-07-14 18:00:00', 'Campo Testaccio', NULL, NULL, 'SCHEDULED', 1, 1, 4, 5);
INSERT INTO partita (id, data_ora, luogo, goals_home, goals_away, stato, torneo_id, squadra_casa_id, squadra_trasferta_id, arbitro_id) VALUES (6, '2026-07-14 20:00:00', 'Campo Appio', NULL, NULL, 'SCHEDULED', 1, 2, 3, 1);
INSERT INTO partita (id, data_ora, luogo, goals_home, goals_away, stato, torneo_id, squadra_casa_id, squadra_trasferta_id, arbitro_id) VALUES (7, '2026-07-16 18:00:00', 'Campo San Paolo', NULL, NULL, 'SCHEDULED', 1, 1, 2, 2);
INSERT INTO partita (id, data_ora, luogo, goals_home, goals_away, stato, torneo_id, squadra_casa_id, squadra_trasferta_id, arbitro_id) VALUES (8, '2026-07-16 20:00:00', 'Campo Garbatella', NULL, NULL, 'SCHEDULED', 1, 3, 4, 3);

INSERT INTO partita (id, data_ora, luogo, goals_home, goals_away, stato, torneo_id, squadra_casa_id, squadra_trasferta_id, arbitro_id) VALUES (9, '2026-07-11 18:00:00', 'Campo Tevere', 2, 2, 'PLAYED', 2, 5, 6, 4);
INSERT INTO partita (id, data_ora, luogo, goals_home, goals_away, stato, torneo_id, squadra_casa_id, squadra_trasferta_id, arbitro_id) VALUES (10, '2026-07-11 20:00:00', 'Campo Monteverde', 1, 0, 'PLAYED', 2, 7, 8, 5);
INSERT INTO partita (id, data_ora, luogo, goals_home, goals_away, stato, torneo_id, squadra_casa_id, squadra_trasferta_id, arbitro_id) VALUES (11, '2026-07-13 18:00:00', 'Campo Eur', 0, 2, 'PLAYED', 2, 5, 7, 1);
INSERT INTO partita (id, data_ora, luogo, goals_home, goals_away, stato, torneo_id, squadra_casa_id, squadra_trasferta_id, arbitro_id) VALUES (12, '2026-07-13 20:00:00', 'Campo Garbatella', 3, 1, 'PLAYED', 2, 6, 8, 2);


-- UTENTI
INSERT INTO utente (id, username, password, ruolo) VALUES (100, 'admin', '$2a$10$D/EdsHxiDcs/kBfHsp/m9uHeLAy/r01vo1O5d1F4SwGppfdDTw6u.', 'ADMIN');


-- ALLINEAMENTO DELLE SEQUENCE
SELECT setval(pg_get_serial_sequence('torneo', 'id'), (SELECT MAX(id) FROM torneo));
SELECT setval(pg_get_serial_sequence('squadra', 'id'), (SELECT MAX(id) FROM squadra));
SELECT setval(pg_get_serial_sequence('giocatore', 'id'), (SELECT MAX(id) FROM giocatore));
SELECT setval(pg_get_serial_sequence('partita', 'id'), (SELECT MAX(id) FROM partita));
SELECT setval(pg_get_serial_sequence('arbitro', 'id'), (SELECT MAX(id) FROM arbitro));
SELECT setval(pg_get_serial_sequence('utente', 'id'), (SELECT MAX(id) FROM utente));